{"bscn_ratio": 0.99625, "mal": {"total_loss": 8.748164713382721, "total_correct": 80, "total": 80, "evasion": {"total_loss": 43.538039445877075, "total_correct": 62, "total": 80}}, "bon": {"total_loss": 39.90170454978943, "total_correct": 80, "total_evade": null, "total": 80}}