{"bscn_ratio": 0.03, "mal": {"total_loss": 0.7405259981751442, "total_correct": 80, "total": 80, "evasion": {"total_loss": 0.7405259981751442, "total_correct": 80, "total": 80}}, "bon": {"total_loss": 0.02822496206499636, "total_correct": 80, "total_evade": null, "total": 80}}